Date_ID,Year,Month
D0001,2022,1
D0002,2022,2
D0003,2022,3
D0004,2022,4
D0005,2022,5
D0006,2022,6
D0007,2022,7
D0008,2022,8
D0009,2022,9
D0010,2022,10
D0011,2022,11
D0012,2022,12
D0013,2023,1
D0014,2023,2
D0015,2023,3
D0016,2023,4
D0017,2023,5
D0018,2023,6
D0019,2023,7
D0020,2023,8
D0021,2023,9
D0022,2023,10
D0023,2023,11
D0024,2023,12
D0025,2024,1
D0026,2024,2
D0027,2024,3
D0028,2024,4
D0029,2024,5
D0030,2024,6
D0031,2024,7
D0032,2024,8
D0033,2024,9
D0034,2024,10
D0035,2024,11
D0036,2024,12
D0037,2025,1
D0038,2025,2
D0039,2025,3
D0040,2025,4
D0041,2025,5
D0042,2025,6
D0043,2025,7
D0044,2025,8
D0045,2025,9
D0046,2025,10
D0047,2025,11
D0048,2025,12
D0049,2026,1
D0050,2026,2
D0051,2026,3
D0052,2026,4
D0053,2026,5
D0054,2026,6
D0055,2026,7
D0056,2026,8
D0057,2026,9
D0058,2026,10
D0059,2026,11
D0060,2026,12
